bank_name,branche_name,address,review,rating,review_date
umnia Bank,"umnia Bank N¬∞7 Av. Assalam, Sal√©","N¬∞7 Av. Assalam, Sal√©","Je tiens √† exprimer ma plus grande gratitude envers le directeur de cette agence bancaire. Gr√¢ce √† son professionnalisme, son √©coute attentive et son engagement ind√©fectible envers ses clients, mon exp√©rience a √©t√© exceptionnelle. Il a su ‚Ä¶",5,il y a 2 mois
umnia Bank,"umnia Bank N¬∞7 Av. Assalam, Sal√©","N¬∞7 Av. Assalam, Sal√©","Vue  que J'ai accompagn√© cette agence d√©s son premier jour je marque ma satisfaction vis-√†-vis l'√©quipe qui g√®re cette agence .
Une √©quipe professionnelle serviable aquillante qui cherche tjr √† banaliser les ‚Ä¶",5,il y a 6 mois
umnia Bank,"umnia Bank N¬∞7 Av. Assalam, Sal√©","N¬∞7 Av. Assalam, Sal√©","‚ÄúJe tiens √† remercier mr le directeur pour son professionnalisme, son √©coute et son sens du service client.",5,il y a 3 mois
umnia Bank,"umnia Bank N¬∞7 Av. Assalam, Sal√©","N¬∞7 Av. Assalam, Sal√©","‚ÄúJe tiens √† remercier mr le directeur pour son professionnalisme, son √©coute et son sens du service client. Gr√¢ce √† son accompagnement personnalis√©, j‚Äôai pu b√©n√©ficier de solutions adapt√©es √† mes besoins et d‚Äôun suivi attentif √† chaque ‚Ä¶",5,il y a 5 mois
umnia Bank,"umnia Bank N¬∞7 Av. Assalam, Sal√©","N¬∞7 Av. Assalam, Sal√©","Je tiens √† remercier toute l'√©quipe de travail d'Umnia Bank pour leur bon traitement, ainsi que pour leur grand professionnalisme, qui est conforme √† la litt√©rature de la profession bancaire et comptable. Mon √©valuation √©mane d'un ‚Ä¶",5,il y a 2 mois
umnia Bank,"umnia Bank N¬∞7 Av. Assalam, Sal√©","N¬∞7 Av. Assalam, Sal√©","En tant que client professionnel, j‚Äôappr√©cie les efforts que vous fournissez en tant que banque participative, et je salue le professionnalisme de l‚Äô√©quipe de travail de l‚Äôagence, notamment M. Jawad, le directeur de l‚Äôagence.",5,il y a 6 mois
umnia Bank,"umnia Bank N¬∞7 Av. Assalam, Sal√©","N¬∞7 Av. Assalam, Sal√©","Je tiens √† remercier mr jawad le directeur de l'agence sal√© hay karima pour le travail remarquable que vous accomplissez , votre expertise, votre disponibilit√© et votre engagement constant ont largement contribu√© √† la qualit√© des services ‚Ä¶",5,il y a 2 mois
umnia Bank,"umnia Bank N¬∞7 Av. Assalam, Sal√©","N¬∞7 Av. Assalam, Sal√©","Tr√®s satisfaite de mon experience chez Umnia bank, un tr√®s bon service, une √©quipe professionnelle et toujours disponible qui vous accompagne durant toute la proc√©dure",5,il y a 6 mois
umnia Bank,"umnia Bank N¬∞7 Av. Assalam, Sal√©","N¬∞7 Av. Assalam, Sal√©","Je tiens √† remercier M Jawad le Directeur de la banque Umnia pour son √©coute et son professionnalisme. Il a su me guider vers les bonnes personnes et a toujours r√©pondu rapidement √† mes demandes, ce qui a grandement facilit√© mes d√©marches.",5,il y a 6 mois
umnia Bank,"umnia Bank N¬∞7 Av. Assalam, Sal√©","N¬∞7 Av. Assalam, Sal√©","Je tiens √† remercier mr jawad le directeur de l'agence sal√© hay karima pour le travail remarquable que vous accomplissez , votre expertise, votre √©coute et votre disponibilit√© , je tiens √©galement √† souligner l‚Äôexemplarit√© de votre √©quipe, qui refl√®te l‚Äôexcellence de la gestion que vous incarnez.",5,il y a 5 mois
umnia Bank,"umnia Bank Extension Cit√©, 359, Amal 4, Rabat 10150","Extension Cit√©, 359, Amal 4, Rabat 10150",merci bcp,5,il y a 2 mois
umnia Bank,"umnia Bank Extension Cit√©, 359, Amal 4, Rabat 10150","Extension Cit√©, 359, Amal 4, Rabat 10150","Je mets √† jour mon avis car tr√®s impressionn√©e  par la rapidit√© d ex√©cution et du tr√®s bon accueil et service  de la part de Mr Zaitouni Omar .
Ceci est mon ancien avis:Je tiens √† remercier Mr Le Directeur de l agence ‚Ä¶",5,il y a 2 mois
umnia Bank,"umnia Bank Extension Cit√©, 359, Amal 4, Rabat 10150","Extension Cit√©, 359, Amal 4, Rabat 10150","Tr√®s satisfaite des services d umniabank.Tr√®s bonne communication du personnel d umniabank almanal, gentils serviable .Ex√©cution rapide des op√©rations....
Je recommande vivement cette banque.Et remercie infiniment Mr zerwal,Mr Yassine ,Mlle zineb pour leurs services de qualit√©.",5,il y a 2 mois
umnia Bank,"umnia Bank Extension Cit√©, 359, Amal 4, Rabat 10150","Extension Cit√©, 359, Amal 4, Rabat 10150","L'Agence de S√©curit√© de la Banque Al-Manal, avec son personnel, effectue un travail s√©rieux, fournit des services efficaces, est √† l'√©coute des clients et suit les dossiers de pr√®s et avec attention. Toutes ces normes sont √† la hauteur des attentes des clients ainsi que des normes internationales de services. Merci √† tous",5,il y a 5 mois
umnia Bank,"umnia Bank Extension Cit√©, 359, Amal 4, Rabat 10150","Extension Cit√©, 359, Amal 4, Rabat 10150","Une excellente agence avec un service de qualit√© ! Un grand merci au directeur Mr Omar Zaitouni pour son professionnalisme, sa gentillesse et son sens du service. Gr√¢ce √† lui, chaque visite est agr√©able et efficace. Je recommande vivement !",5,il y a 2 mois
umnia Bank,"umnia Bank Extension Cit√©, 359, Amal 4, Rabat 10150","Extension Cit√©, 359, Amal 4, Rabat 10150","Le service est magnifique ainsi que les personnes Mr yassine , Mme
Zineb , et Mr omar et Mr mohammed",5,il y a 2 mois
umnia Bank,"umnia Bank Extension Cit√©, 359, Amal 4, Rabat 10150","Extension Cit√©, 359, Amal 4, Rabat 10150","Franchement, le responsable de cette agence est un homme aimable et serviable.",5,il y a un jour
umnia Bank,"umnia Bank Extension Cit√©, 359, Amal 4, Rabat 10150","Extension Cit√©, 359, Amal 4, Rabat 10150","Je ne sais pas s'il y a des faux avis ici parce que tout le monde dit des choses brillantes, eh bien j'ai perdu 35 min de ma vie avec ces gens, je ne connais pas son nom mais le responsable de compte manquait de certaines comp√©tences ‚Ä¶",5,il y a 2 jours
umnia Bank,"umnia Bank Extension Cit√©, 359, Amal 4, Rabat 10150","Extension Cit√©, 359, Amal 4, Rabat 10150",Un service de qualit√© et professionnel je tiens a remercier Mr ZAITOUNI omar pour son accueil chaleureux et son professionnalisme tr√®s satisfait je recommande,5,il y a 2 mois
umnia Bank,"umnia Bank Extension Cit√©, 359, Amal 4, Rabat 10150","Extension Cit√©, 359, Amal 4, Rabat 10150","Excellente exp√©rience avec cette agence.
Un grand merci √† toute l'√©quipe pour leur professionnalisme et leur accueil chaleureux. ‚Ä¶",1,il y a 2 semaines
umnia Bank,"umnia Bank 9 Rue Jabal Bouiblaneÿå valle Ould Amir Street, Rabat","9 Rue Jabal Bouiblaneÿå valle Ould Amir Street, Rabat",Merci √† tous,1,il y a un an
umnia Bank,"umnia Bank 9 Rue Jabal Bouiblaneÿå valle Ould Amir Street, Rabat","9 Rue Jabal Bouiblaneÿå valle Ould Amir Street, Rabat",Le site Web est-il sorti ?,3,il y a 2 ans
umnia Bank,"umnia Bank 9 Rue Jabal Bouiblaneÿå valle Ould Amir Street, Rabat","9 Rue Jabal Bouiblaneÿå valle Ould Amir Street, Rabat","mauvais service, la r√©ception n'a rien aid√©, il n'y en a qu'un pour tous les clients et elle ne r√©pond pas √† nos questions.",5,il y a 7 ans
umnia Bank,"umnia Bank 9 Rue Jabal Bouiblaneÿå valle Ould Amir Street, Rabat","9 Rue Jabal Bouiblaneÿå valle Ould Amir Street, Rabat",L'application en ligne s'est am√©lior√©e. Je passe de une √† 3 √©toiles mais reste √† am√©liorer le service...,5,il y a 7 ans
umnia Bank,"umnia Bank II etÿå R√©s. Walid ""Cÿå Angle avenue Hassan, Bd Abderrahmane Serghini, Mohammedia","II etÿå R√©s. Walid ""Cÿå Angle avenue Hassan, Bd Abderrahmane Serghini, Mohammedia",L'un des employ√©s interrog√©s par le Fonds est le secr√©taire commercial,1,il y a 10 mois
umnia Bank,"umnia Bank II etÿå R√©s. Walid ""Cÿå Angle avenue Hassan, Bd Abderrahmane Serghini, Mohammedia","II etÿå R√©s. Walid ""Cÿå Angle avenue Hassan, Bd Abderrahmane Serghini, Mohammedia",Souhait de la banque,1,il y a 2 ans
umnia Bank,"umnia Bank II etÿå R√©s. Walid ""Cÿå Angle avenue Hassan, Bd Abderrahmane Serghini, Mohammedia","II etÿå R√©s. Walid ""Cÿå Angle avenue Hassan, Bd Abderrahmane Serghini, Mohammedia",Les premi√®res banques participatives au Maroc,4,il y a 5 ans
umnia Bank,"umnia Bank II etÿå R√©s. Walid ""Cÿå Angle avenue Hassan, Bd Abderrahmane Serghini, Mohammedia","II etÿå R√©s. Walid ""Cÿå Angle avenue Hassan, Bd Abderrahmane Serghini, Mohammedia",A 15h jeudi personne √† la banque,3,il y a 4 ans
umnia Bank,"umnia Bank Bd Chefchaouni, Casablanca 20250","Bd Chefchaouni, Casablanca 20250","Je recherche des informations sur les transactions. J'habite √† New York et je souhaite acheter une maison, mais je ne connais pas les conditions.",5,il y a un mois
umnia Bank,"umnia Bank Bd Chefchaouni, Casablanca 20250","Bd Chefchaouni, Casablanca 20250",Lieu est plus loin,5,il y a 6 mois
umnia Bank,"umnia Bank Bd Chefchaouni, Casablanca 20250","Bd Chefchaouni, Casablanca 20250","Bonjour,
Je ne comprends pas pourquoi vous affichez vos num√©ros de t√©l√©phone si vous ne r√©pondez pas et raccrochez la ligne aux personnes qui cherchent √† obtenir des ‚Ä¶",1,il y a un an
umnia Bank,"umnia Bank Bd Chefchaouni, Casablanca 20250","Bd Chefchaouni, Casablanca 20250",C√¥t√© service et personnel rien √† dire excellent . Pour les tarifs de cr√©ation et de virement ext il y a un seul forfait 25 dh/mois et pour un logement de 25 0000 voir les photos jointes.,4,il y a 6 ans
umnia Bank,"umnia Bank Bd Chefchaouni, Casablanca 20250","Bd Chefchaouni, Casablanca 20250","Personnel excellent et accueillant, par contre le system d'Umnia bank en general est vraiment decevant (tres tres lent)",3,il y a 3 ans
umnia Bank,"umnia Bank Bd Chefchaouni, Casablanca 20250","Bd Chefchaouni, Casablanca 20250","Super exp√©rience dans cette banque ! L‚Äôaccueil est toujours agr√©able, et les conseillers sont tr√®s √† l'√©coute et professionnels. Mention sp√©ciale pour le directeur d'agence Mr HOUSSAM, qui est vraiment disponible et d'un grand soutien dans ‚Ä¶",1,il y a 10 mois
umnia Bank,"umnia Bank Bd Chefchaouni, Casablanca 20250","Bd Chefchaouni, Casablanca 20250",Toujours pas de r√©ponse t√©l√©phone,5,il y a 3 ans
umnia Bank,"umnia Bank Bd Chefchaouni, Casablanca 20250","Bd Chefchaouni, Casablanca 20250",C'est un bon bank pour moi,2,il y a 7 ans
umnia Bank,"umnia Bank Bd Chefchaouni, Casablanca 20250","Bd Chefchaouni, Casablanca 20250","Excellente experience ! Le personnel est vraiment √† l‚Äô√©coute, tr√®s r√©actif et professionnel. Je n‚Äôai jamais  √©t√© aussi bien servi par une banque. M. Houssam EL AFIFI m‚Äôa accompagn√© √† chaque √©tape de mes projets financiers et a facilit√© toutes les proc√©dures, Je recommande sans h√©siter !",5,il y a 3 ans
umnia Bank,"umnia Bank Bd Chefchaouni, Casablanca 20250","Bd Chefchaouni, Casablanca 20250",Excellent,5,il y a un an
umnia Bank,"umnia Bank Angle Avenue Mohamed diouri et Rue Hamman el Fatouki, Kenitra 14000","Angle Avenue Mohamed diouri et Rue Hamman el Fatouki, Kenitra 14000","Haut niveau de services, plus de prosp√©rit√© et de succ√®s

Tr√®s heureux de traiter avec eux, c'est aussi vraiment une banque
Chaque individu musulman souhaite",4,il y a 2 ans
umnia Bank,"umnia Bank Angle Avenue Mohamed diouri et Rue Hamman el Fatouki, Kenitra 14000","Angle Avenue Mohamed diouri et Rue Hamman el Fatouki, Kenitra 14000",L'heure affich√©e sur Google Maps est incorrecte pour le Ramadan.,5,il y a un an
umnia Bank,"umnia Bank Angle Avenue Mohamed diouri et Rue Hamman el Fatouki, Kenitra 14000","Angle Avenue Mohamed diouri et Rue Hamman el Fatouki, Kenitra 14000","Bon courage
üëçüëçüëçüëç ‚Ä¶",4,il y a un mois
umnia Bank,"umnia Bank Angle Avenue Mohamed diouri et Rue Hamman el Fatouki, Kenitra 14000","Angle Avenue Mohamed diouri et Rue Hamman el Fatouki, Kenitra 14000",Service sympatique . Avec de bon deal c√¥t√© ouverture de comote bancaire et les frais sont moin cher et de plus la chose la plus cool c'est le retrait sur tout les guichet a partir de 500dhs c'est sans frais,5,il y a 4 ans
umnia Bank,"umnia Bank Angle Avenue Mohamed diouri et Rue Hamman el Fatouki, Kenitra 14000","Angle Avenue Mohamed diouri et Rue Hamman el Fatouki, Kenitra 14000",45 minutes d'attente pour un renseignement et le pauvre agent de s√©curit√© seul dans la banque,1,il y a 2 ans
umnia Bank,"umnia Bank ensemble immobilier Mahaj Riad, 23, Rabat 10100","ensemble immobilier Mahaj Riad, 23, Rabat 10100","La banque Umnia a un s√©rieux probl√®me avec la gestion de ses traitements internes. Je ne recommande pas du tout la banque. Vous devez toujours leur rappeler et donner suite √† des demandes simples. Au lieu de 2 jours, j'ai fini par attendre 1 mois",4,il y a 7 ans
umnia Bank,"umnia Bank ensemble immobilier Mahaj Riad, 23, Rabat 10100","ensemble immobilier Mahaj Riad, 23, Rabat 10100",Excellent service et excellents conseils. Je remercie infiniment tout le personnel et √† leur t√™te  le directeur Mr Rougui. JE recommande vivement üëç ‚Ä¶,5,il y a un an
umnia Bank,"umnia Bank ensemble immobilier Mahaj Riad, 23, Rabat 10100","ensemble immobilier Mahaj Riad, 23, Rabat 10100",Bank umnia hay riad avenue attine,1,il y a 2 ans
umnia Bank,"umnia Bank ensemble immobilier Mahaj Riad, 23, Rabat 10100","ensemble immobilier Mahaj Riad, 23, Rabat 10100","N‚Äôen d√©plaise √† toutes les agences bancaires au Maroc, la plus grande tromperie et mensonge sont les banques d‚Äôentreprise. ¬´ Je parle du souhait d‚Äôune banque ¬ª, √©tant donn√© que je suis client et que j‚Äôai un contrat Mourabaha avec l‚Äôagence ‚Ä¶",1,il y a un an
umnia Bank,"umnia Bank N¬∞35 2 al qods, Casablanca 20610","N¬∞35 2 al qods, Casablanca 20610","On n'aide pas ici, sauf qu'on vous pousse √† partir chez les concurrents.",1,il y a 9 mois
umnia Bank,"umnia Bank N¬∞35 2 al qods, Casablanca 20610","N¬∞35 2 al qods, Casablanca 20610",Beau,1,il y a un an
umnia Bank,"umnia Bank N¬∞35 2 al qods, Casablanca 20610","N¬∞35 2 al qods, Casablanca 20610","Mauvais accueil je vous conseille pas cet agence
Mauvais comportement des receptioniste",1,il y a 4 ans
umnia Bank,"umnia Bank N¬∞35 2 al qods, Casablanca 20610","N¬∞35 2 al qods, Casablanca 20610",Banque simple,1,il y a 2 ans
umnia Bank,"umnia Bank N¬∞35 2 al qods, Casablanca 20610","N¬∞35 2 al qods, Casablanca 20610",Meilleure agence,5,il y a 2 ans
umnia Bank,"umnia Bank N¬∞35 2 al qods, Casablanca 20610","N¬∞35 2 al qods, Casablanca 20610","Mauvais accueil, en plus de la manque de clart√© et de transparence.",5,il y a 3 ans
umnia Bank,"umnia Bank N¬∞35 2 al qods, Casablanca 20610","N¬∞35 2 al qods, Casablanca 20610",Excellent travail,3,il y a 5 jours
umnia Bank,"umnia Bank N¬∞35 2 al qods, Casablanca 20610","N¬∞35 2 al qods, Casablanca 20610",Bon accueil üëç ‚Ä¶,5,il y a 2 ans
umnia Bank,"umnia Bank N¬∞35 2 al qods, Casablanca 20610","N¬∞35 2 al qods, Casablanca 20610",Une agence bancaire avec une grande efficacit√© et des relations √©l√©gantes. Bonne chance √† eux tous,5,il y a un an
umnia Bank,"umnia Bank N¬∞35 2 al qods, Casablanca 20610","N¬∞35 2 al qods, Casablanca 20610",Tr√®s m√©content de service de l'agence.,5,il y a 2 ans
umnia Bank,"umnia Bank commerce, Imm. 1, sis : lotissement Jaouhara, Av. Hassan II, T√©mara 12020","commerce, Imm. 1, sis : lotissement Jaouhara, Av. Hassan II, T√©mara 12020",Bon emplacement a temara et facile d acc√®s personnel comp√©tent et a l √©coute,5,il y a 3 mois
umnia Bank,"umnia Bank commerce, Imm. 1, sis : lotissement Jaouhara, Av. Hassan II, T√©mara 12020","commerce, Imm. 1, sis : lotissement Jaouhara, Av. Hassan II, T√©mara 12020",Agence tres a l ecoute de sa clientele,1,il y a 8 mois
umnia Bank,"umnia Bank commerce, Imm. 1, sis : lotissement Jaouhara, Av. Hassan II, T√©mara 12020","commerce, Imm. 1, sis : lotissement Jaouhara, Av. Hassan II, T√©mara 12020",Bon acceuil etbon service,5,il y a 7 mois
umnia Bank,"umnia Bank commerce, Imm. 1, sis : lotissement Jaouhara, Av. Hassan II, T√©mara 12020","commerce, Imm. 1, sis : lotissement Jaouhara, Av. Hassan II, T√©mara 12020",Bon relationnel et conseils pertinents. Merci pour votre collaboration habituelle,5,il y a 7 mois
umnia Bank,"umnia Bank commerce, Imm. 1, sis : lotissement Jaouhara, Av. Hassan II, T√©mara 12020","commerce, Imm. 1, sis : lotissement Jaouhara, Av. Hassan II, T√©mara 12020","un grand merci √† Umnia Banque pour son professionnalisme et la qualit√© de ses services. Toujours √† l'√©coute et r√©active aussi un service client au top et des conseillers comp√©tents et √† l'√©coute .
C'est un plaisir d‚Äô√™tre cliente chez vous .",5,il y a 7 mois
umnia Bank,"umnia Bank commerce, Imm. 1, sis : lotissement Jaouhara, Av. Hassan II, T√©mara 12020","commerce, Imm. 1, sis : lotissement Jaouhara, Av. Hassan II, T√©mara 12020","Prise en charge client tr√®s professionnelle
Bonne √©coute
Satisfaction totale
Je recommande",5,il y a 7 mois
umnia Bank,"umnia Bank commerce, Imm. 1, sis : lotissement Jaouhara, Av. Hassan II, T√©mara 12020","commerce, Imm. 1, sis : lotissement Jaouhara, Av. Hassan II, T√©mara 12020","Mauvaise exp√©rience !! J'√©tais chez eux pour trancher de quelle banque je m'engage pour acheter un appartement et avoir une offre commerciale r√©aliste, mais j'√©tais surpris de la dame qui m a fais la simulation sur place, elle m'a mis ‚Ä¶",5,il y a 7 mois
umnia Bank,"umnia Bank commerce, Imm. 1, sis : lotissement Jaouhara, Av. Hassan II, T√©mara 12020","commerce, Imm. 1, sis : lotissement Jaouhara, Av. Hassan II, T√©mara 12020","Consid√©rez une exp√©rience regrettable !
J'ai consult√© en 2017 pour une carte bancaire immobile, mais j'attends la fa√ßon dont ils accueillent la client√®le ! Et l'impression dit qu'il y a des sorties ‚Ä¶",5,il y a 7 mois
umnia Bank,"umnia Bank commerce, Imm. 1, sis : lotissement Jaouhara, Av. Hassan II, T√©mara 12020","commerce, Imm. 1, sis : lotissement Jaouhara, Av. Hassan II, T√©mara 12020",La magie des couleurs,1,il y a un an
umnia Bank,"umnia Bank commerce, Imm. 1, sis : lotissement Jaouhara, Av. Hassan II, T√©mara 12020","commerce, Imm. 1, sis : lotissement Jaouhara, Av. Hassan II, T√©mara 12020","J'ai consult√© l'agence pour un pr√©t, le conseill√© √©tait tr√©s attentif et a r√©pondu √† toutes mes questions
Bon acceuil",1,il y a 3 mois
umnia Bank,"umnia Bank Avenue d'Alger, Rue Kairaouane, Rabat 10020","Avenue d'Alger, Rue Kairaouane, Rabat 10020","Essayez de ne pas mettre des d√©butants sur des postes qui n√©cessitent de l‚Äôexp√©rience, car un jeune l√† bas ne sait ni comment parler, ni comment donner de l‚Äôinformation, ni comment vendre le produit, ni m√™me comment saisir de simples chiffres",5,il y a 2 mois
umnia Bank,"umnia Bank Avenue d'Alger, Rue Kairaouane, Rabat 10020","Avenue d'Alger, Rue Kairaouane, Rabat 10020",L'agence umnia hassan parmis les meilleurs agences umnia au niveau de rabat. Equipe tres serviable et √† l'√©coute surtout Mme molato qui dispose de grandes capacit√©s professionnelles et humaines.,1,il y a 3 mois
umnia Bank,"umnia Bank Avenue d'Alger, Rue Kairaouane, Rabat 10020","Avenue d'Alger, Rue Kairaouane, Rabat 10020",Dommage qu'aucune de vos agences n'est ouverte le samedi !!,3,il y a 5 ans
umnia Bank,"umnia Bank Avenue d'Alger, Rue Kairaouane, Rabat 10020","Avenue d'Alger, Rue Kairaouane, Rabat 10020",Bon service.,1,il y a un an
umnia Bank,"umnia Bank Avenue d'Alger, Rue Kairaouane, Rabat 10020","Avenue d'Alger, Rue Kairaouane, Rabat 10020",Bonne servis,5,il y a 5 ans
umnia Bank,"umnia Bank Avenue d'Alger, Rue Kairaouane, Rabat 10020","Avenue d'Alger, Rue Kairaouane, Rabat 10020","Une des meilleures agences de Sal√©, avec M. Jawad. Je le remercie beaucoup pour le bon traitement qu'il a r√©serv√© √† tous les visiteurs de l'agence.üëçüèªüëçüèª ‚Ä¶",5,il y a 6 mois
umnia Bank,"umnia Bank Avenue d'Alger, Rue Kairaouane, Rabat 10020","Avenue d'Alger, Rue Kairaouane, Rabat 10020",Une √©quipe serviable et √† l'√©coute.,5,il y a 11 mois
umnia Bank,"umnia Bank Avenue d'Alger, Rue Kairaouane, Rabat 10020","Avenue d'Alger, Rue Kairaouane, Rabat 10020","Des employ√©s qui ne veulent pas servir
Buzz vous donnera des informations",1,il y a 6 mois
Banque Populaire,"Banque Populaire X438+JX3, Rabat","X438+JX3, Rabat",Cette banque ne m√©rite m√™me pas une √©toile. Extr√™mement d√©√ßu ! Fahri qui m'a servi a refus√© de me fournir le document n√©cessaire √† l'ouverture d'un compte. Je suis une Am√©ricaine d'origine marocaine qui voulait ouvrir un nouveau compte et ‚Ä¶,1,il y a 4 mois
Banque Populaire,"Banque Populaire X438+JX3, Rabat","X438+JX3, Rabat","J'ai visit√© l'agence. Franchement, j'ai √©t√© choqu√© par la personne en charge du fonds. Le traitement d√©gradant. Le manque des plus bas niveaux de professionnalisme. La barbarie qui m√©rite de fonctionner sur un march√© populaire al√©atoire. ‚Ä¶",1,il y a 2 ans
Banque Populaire,"Banque Populaire X438+JX3, Rabat","X438+JX3, Rabat",Num√©ro de t√©l√©phone mal rempli,1,il y a 3 ans
Banque Populaire,"Banque Populaire X438+JX3, Rabat","X438+JX3, Rabat","L'incomp√©tence est la r√®gle dans cette agence. Le non professionnalisme aussi !
La personne qui s'occupe des ch√®ques, se permet de papoter avec ses amies clientes, de sujets priv√©s, pendant que nous autres attendons patiemment. ‚Ä¶",1,il y a 5 ans
Banque Populaire,"Banque Populaire X438+JX3, Rabat","X438+JX3, Rabat","Tr√®s mal accueil. Les deux caissi√®res ne sont pas professionnelles. De plus, elles sont tr√®s mal polies, et ne respectent pas les mesures sanitaires (pas de masque). J'ai pos√© plainte aupr√®s de leurs directeur r√©gional.",1,il y a un an
Banque Populaire,"Banque Populaire X438+JX3, Rabat","X438+JX3, Rabat","Accueil inexistant, la fille de l‚Äôaccueil constamment au t√©l√©phone portable avec un air arrogant . Je ne remettrai plus jamais les pieds la-bas .",1,il y a 5 ans
Banque Populaire,"Banque Populaire 6 Av. Omar Ibn Al Khattab, Rabat","6 Av. Omar Ibn Al Khattab, Rabat",Bp,1,il y a un an
Banque Populaire,"Banque Populaire 6 Av. Omar Ibn Al Khattab, Rabat","6 Av. Omar Ibn Al Khattab, Rabat","Escalier qui va l√¢cher un jour, inaccessible aux personnes √† mobilit√© r√©duite et guichet qur fonctionne pas les 3/4 du temps.",1,il y a 6 ans
Banque Populaire,"Banque Populaire 6 Av. Omar Ibn Al Khattab, Rabat","6 Av. Omar Ibn Al Khattab, Rabat",Informations Google Maps inexactes. ferm√© samedi matin,3,il y a 7 ans
Banque Populaire,"Banque Populaire 6 Av. Omar Ibn Al Khattab, Rabat","6 Av. Omar Ibn Al Khattab, Rabat",Le guichet automatique n'est pas accessible pour les feuilles roulant √† cause des escaliers,1,il y a un an
Banque Populaire,"Banque Populaire 6 Av. Omar Ibn Al Khattab, Rabat","6 Av. Omar Ibn Al Khattab, Rabat",Employer d√©sagr√©ables,3,il y a 7 ans
Banque Populaire,"Banque Populaire 6 Av. Omar Ibn Al Khattab, Rabat","6 Av. Omar Ibn Al Khattab, Rabat",Vous pouvez retirer de la monnaie locale de votre carte Visa √† un distributeur automatique.,1,il y a 6 ans
Banque Populaire,"Banque Populaire 6 Av. Omar Ibn Al Khattab, Rabat","6 Av. Omar Ibn Al Khattab, Rabat",Bjr le num√©ro de t√©l√©phone de l agence est erron√© !! C'est expr√®s ou une erreur de frappe ? üòÅ ‚Ä¶,5,il y a 8 ans
Banque Populaire,"Banque Populaire X4C4+895, Av. Al Massira, Rabat","X4C4+895, Av. Al Massira, Rabat",Employer raciste,1,il y a un an
Banque Populaire,"Banque Populaire X4C4+895, Av. Al Massira, Rabat","X4C4+895, Av. Al Massira, Rabat","S'il vous pla√Æt, r√©pondez aux appels t√©l√©phoniques, merci",4,il y a 6 ans
Banque Populaire,"Banque Populaire X4C4+895, Av. Al Massira, Rabat","X4C4+895, Av. Al Massira, Rabat",La Banque populaire offre un tr√®s bon service. Les employ√©s sont tr√®s polis.,1,il y a 2 ans
Banque Populaire,"Banque Populaire X46M+69W, Rabat","X46M+69W, Rabat",Pas d affluence. Service rapide. Possibilite de parking facile de bon matin,3,il y a 3 ans
Banque Populaire,"Banque Populaire X46M+69W, Rabat","X46M+69W, Rabat",Elle ferme avant l'horaire r√©glementaire (avant 14h pendant la p√©riode de confinement). Et le responsable de l'agence au lieu de r√©soudre les probl√®mes il les aggravent.üëé ‚Ä¶,1,il y a 2 ans
Banque Populaire,"Banque Populaire X46M+69W, Rabat","X46M+69W, Rabat","Service trop lent, vous avez int√©r√™t √† ne pas √™tre press√©s.",1,il y a 2 ans
Banque Populaire,"Banque Populaire X46M+69W, Rabat","X46M+69W, Rabat",Il ne r√©pondent jamais au t√©l√©phone ! Je me demande √† il leur sert !,1,il y a 5 ans
Banque Populaire,"Banque Populaire X46M+69W, Rabat","X46M+69W, Rabat","Vous allez regretter d'avoir ouvert votre compte ici. Service nul, malheureusement il n'y a pas de notation z√©ro.",1,il y a 2 ans
Banque Populaire,"Banque Populaire X46M+69W, Rabat","X46M+69W, Rabat","service trop lent et √ßa dure depuis des ann√©es! c'est d√©cid√©, je change d'agence et esp√®re trouver mieux ailleurs!",1,il y a 2 ans
Banque Populaire,"Banque Populaire X46M+69W, Rabat","X46M+69W, Rabat",Service extr√™mement lent. Service client m√©diocre.,4,il y a 2 ans
Banque Populaire,"Banque Populaire X46M+69W, Rabat","X46M+69W, Rabat","L'agent de s√©curit√© te donne un num√©ro d'attente mais les machines figurant les num√©ros ne marchent plus. Les box de virement, retrait et change ne sont pas indiqu√©s. A am√©liorer.",1,il y a 4 ans
Banque Populaire,"Banque Populaire X46M+69W, Rabat","X46M+69W, Rabat","Service trop long , ils ne se soucient meme pas de l‚Äôattente des clients",1,il y a 5 ans
Banque Populaire,"Banque Populaire X46M+69W, Rabat","X46M+69W, Rabat","Toujours injoignables, Il ne r√©pondent jamais au t√©l√©phone !! toujours des complications pour des choses tellement basiques!",1,il y a 3 ans
Banque Populaire,"Banque Populaire X5H7+C56, Rabat","X5H7+C56, Rabat","Je n‚Äôai pas encore de compte dans cette Banque, j‚Äôy √©tais juste pour prendre des informations. J‚Äôai √©t√© tr√®s bien re√ßu √† la fois par l‚Äôagent d‚Äôaccueil et par le Conseiller qui a r√©pondu √† toutes mes questions. Donc premier contact plut√¥t  positif.",5,il y a un mois
Banque Populaire,"Banque Populaire X5H7+C56, Rabat","X5H7+C56, Rabat",Ils ne r√©pondent jamais au t√©l√©phone c'est un manque de respect pour les clients,5,il y a 7 mois
Banque Populaire,"Banque Populaire X5H7+C56, Rabat","X5H7+C56, Rabat","Tr√®s bonne grande agence, pas trop fr√©quent√©e. Le personnel est souriant et pose des questions sur tout.",2,il y a 4 ans
Banque Populaire,"Banque Populaire X5H7+C56, Rabat","X5H7+C56, Rabat",Service a la hauteur,1,il y a 8 mois
Banque Populaire,"Banque Populaire X5H7+C56, Rabat","X5H7+C56, Rabat",Bien situ√© juste √† c√¥t√© de la pharmacie al manbat,5,il y a 4 ans
Banque Populaire,"Banque Populaire 2587+6XX, Av. Mohammed V, Rabat","2587+6XX, Av. Mohammed V, Rabat","Manque de professionnalisme, manque de r√©activit√©. Pas d'accueil, un standard qui ne fait pas son travail et un personnel incomp√©tent..
je vous d√©conseille fortement cette agence..",1,il y a un an
Banque Populaire,"Banque Populaire 2587+6XX, Av. Mohammed V, Rabat","2587+6XX, Av. Mohammed V, Rabat","Venir verser de l'argent et etre accueilli par une personne au guichet qui ne comprend rien dans la gestion client√®le est flagrant ..manque d amabilit√© limite agressif , sans aucune courtoisie....une exp√©rience douloureuse...je ne vous recommande pas....",1,il y a un an
Banque Populaire,"Banque Populaire 2587+6XX, Av. Mohammed V, Rabat","2587+6XX, Av. Mohammed V, Rabat",Qualit√© service laisse √† d√©sirer. Standardistes ne r√©pondent m√™me pas. Personnel peu professionnel. Quelques employ√©s arrogants. Bref je dois changer d agence voire de banque,1,il y a 4 ans
Banque Populaire,"Banque Populaire 2587+6XX, Av. Mohammed V, Rabat","2587+6XX, Av. Mohammed V, Rabat",Caissier est nul pris par les stag√®res et veut se d√©barrasser sans fournir une information fiable (manque d'exp√©rience). L'emplacement est parfait,4,il y a 7 ans
Banque Populaire,"Banque Populaire 2587+6XX, Av. Mohammed V, Rabat","2587+6XX, Av. Mohammed V, Rabat",Ancienne agence bancaire mais tr√®s pratique car bien plac√©e,1,il y a 5 ans
Banque Populaire,"Banque Populaire 2587+6XX, Av. Mohammed V, Rabat","2587+6XX, Av. Mohammed V, Rabat","Personnel incomp√©tent par rapport √† la taille de la banque, la banque populaire doit √™tre plus s√©lective quant aux profils choisi.",1,il y a 4 ans
Banque Populaire,"Banque Populaire 2587+6XX, Av. Mohammed V, Rabat","2587+6XX, Av. Mohammed V, Rabat","Agence bien plac√©e au centre ville. Ancien client (+ de 10 ans) de cette agence, jamais d√©√ßu par la qualit√© de service malgr√© les longues files r√©currentes √† cause de l'emplacement de l'agence. Seul hic, le stationnement...",1,il y a 6 ans
Banque Populaire,"Banque Populaire 2587+6XX, Av. Mohammed V, Rabat","2587+6XX, Av. Mohammed V, Rabat",L'agent amine c top et serviable. Les autres sans commentaires,1,il y a 4 ans
Banque Populaire,"Banque Populaire 2587+6XX, Av. Mohammed V, Rabat","2587+6XX, Av. Mohammed V, Rabat","Honteux quand il ya du monde le Personnel se d√©barrasse des personne √¢g√©e et qui savent pas leur droit  avec des fausses excuse, syst√®me qui marche pas toujour, impossible de faire un virement vers un compte de la tr√©sorerie sois disant faut all√© directement.... Mettez des clients myst√®re pour √©valuer la souffrance de vous clients",3,il y a 7 ans
Banque Populaire,"Banque Populaire 2587+6XX, Av. Mohammed V, Rabat","2587+6XX, Av. Mohammed V, Rabat",Pour la banque populaires de med 5 a rabat. Ne r√©pond m√™me pas au t√©l√©phone de l'agence des appel de la client√®le en plus les autres agence des autres ville ne peuvent m√™me pas vous r√©soudre un tout petit probl√®me ou ereur,2,il y a 5 ans
Banque Populaire,"Banque Populaire X5W2+X8P, Av. Ibn Sina, Rabat","X5W2+X8P, Av. Ibn Sina, Rabat","Service m√©diocre , application qui n'est pas mis √† jour",1,il y a 2 ans
Banque Populaire,"Banque Populaire X5W2+X8P, Av. Ibn Sina, Rabat","X5W2+X8P, Av. Ibn Sina, Rabat","J‚Äôhabite √† c√¥t√© de cette agence,elle est juste catastrophique, une caissi√®re insolente,impolie , lente et qui n‚Äôest jamais a son poste !!!! Et √ßa fait des ann√©es que √ßa Dure !!!!!je me demande si la BP a int√©r√™t √† embrocher ce genre de personnel !!!!",1,il y a 2 ans
Banque Populaire,"Banque Populaire X5W2+X8P, Av. Ibn Sina, Rabat","X5W2+X8P, Av. Ibn Sina, Rabat","Je suis venu dans cette agence afin d'ouvrir un compte bancaire. Aussi aimable qu'un gardien de prison on me dit d'attendre. Une fois devant la conseill√®re. On me donne un rendez-vous avant de me dire que vu que je ne suis pas marocain, je peux allez voir ailleur. En somme une v√©ritable perte de temps.",1,il y a 2 ans
Banque Populaire,"Banque Populaire X5W2+X8P, Av. Ibn Sina, Rabat","X5W2+X8P, Av. Ibn Sina, Rabat","J'aurais mis 0 √©toile mais ce n'est pas possible. Le pire du service et un personnel qui ne fait simplement pas son travail, aussi ils ne r√©pondent jamais au t√©l√©phone. J'ai heureusement chang√© de banque, impossible de continuer avec cette agence.",1,il y a un an
Banque Populaire,"Banque Populaire X5W2+X8P, Av. Ibn Sina, Rabat","X5W2+X8P, Av. Ibn Sina, Rabat",Je n'arrive pas √† trouver le num√©ro de t√©l√©phone ! Ni sur le site chaabi ni ici sur Google,1,il y a 8 ans
Banque Populaire,"Banque Populaire X4G5+C89, Av. Al Menzeh, Rabat","X4G5+C89, Av. Al Menzeh, Rabat",Employer tr√®s d√©sagr√©able üíî ‚Ä¶,1,il y a 2 ans
Banque Populaire,"Banque Populaire X4G5+C89, Av. Al Menzeh, Rabat","X4G5+C89, Av. Al Menzeh, Rabat",Bonne banque,4,il y a 6 ans
Banque Populaire,"Banque Populaire X4G5+C89, Av. Al Menzeh, Rabat","X4G5+C89, Av. Al Menzeh, Rabat",Tr√®s bon service.,1,il y a un an
Banque Populaire,"Banque Populaire X4G5+C89, Av. Al Menzeh, Rabat","X4G5+C89, Av. Al Menzeh, Rabat",Service trop lent et employ√©s d√©sagr√©ables. Le syst√®me est souvent en panne !,4,il y a 7 ans
Banque Populaire,"Banque Populaire X4G5+C89, Av. Al Menzeh, Rabat","X4G5+C89, Av. Al Menzeh, Rabat",Tr√®s Bonne Service,5,il y a 6 ans
Banque Populaire,"Banque Populaire Bloc T7, N¬∞ 24 YACOUB EL MANSOUR, Rabat","Bloc T7, N¬∞ 24 YACOUB EL MANSOUR, Rabat","L'un des pires services bancaires au Maroc.
Il y a peu d'employ√©s tr√®s polis √† la Banque Populaire. Ils ne veulent faire aucun effort et se contentent de dire que le syst√®me est en panne sans v√©rifier.",1,il y a 11 mois
Banque Populaire,"Banque Populaire Bloc T7, N¬∞ 24 YACOUB EL MANSOUR, Rabat","Bloc T7, N¬∞ 24 YACOUB EL MANSOUR, Rabat","Mlle Sokaina est une conseill√®re tr√®s comp√©tente, demandez l√† directement si le service n‚Äôest pas √† la hauteur ou si le syst√®me ne marche pas. Elle est le syst√®me.",1,il y a 5 mois
Banque Populaire,"Banque Populaire Bloc T7, N¬∞ 24 YACOUB EL MANSOUR, Rabat","Bloc T7, N¬∞ 24 YACOUB EL MANSOUR, Rabat","üëéüèªüëéüèªMaltraitance envers un simple ouvrier, peut-√™tre un d√©butant.  Il dit que la signature est incorrecte malgr√© la remise de la carte d'identit√©. J'ai chang√© la procuration et j'ai retir√© ce que je voulais sans poser de questions et avec la m√™me signature, je vous conseille d'√™tre courtois et courtois. ‚Ä¶",1,il y a un an
Banque Populaire,"Banque Populaire Bloc T7, N¬∞ 24 YACOUB EL MANSOUR, Rabat","Bloc T7, N¬∞ 24 YACOUB EL MANSOUR, Rabat","Salam vraiment minablement comp√©tant ! Apr√®s mettre pr√©sent√© au guichet pour retirer de l‚Äôargent, ont me la refus√© car ma signature √©tait l√©g√®rement diff√©rente  de celle de l‚Äôouverture de mon compte il y a plus de 20 ans !!!???? qui est ‚Ä¶",5,il y a un an
Banque Populaire,"Banque Populaire Bloc T7, N¬∞ 24 YACOUB EL MANSOUR, Rabat","Bloc T7, N¬∞ 24 YACOUB EL MANSOUR, Rabat","Mauvaise gestion il est 11h30 chef d'agence absent , un seul caissier hors que la fille d'attente est tr√®s lent plusieurs personnes en attente plus que 13 personne, malgr√© l'existence des plusieurs employ√©s sur l'agence,  bref c'est n'importe quoi ü§¶‚Äç‚ôÇÔ∏è ‚Ä¶",1,il y a 2 ans
Banque Populaire,"Banque Populaire X4WC+78G, Rabat","X4WC+78G, Rabat",Banque situ√©e dans un bon endroit,1,il y a 6 mois
Banque Populaire,"Banque Populaire X4WC+78G, Rabat","X4WC+78G, Rabat",La qualit√© de service na9ssa bzaff,4,il y a 7 ans
Banque Populaire,"Banque Populaire X4WC+78G, Rabat","X4WC+78G, Rabat","guichet automatique toujours empane
Kaykhsser ktar makaykhedm",1,il y a 5 mois
